{
  "battery3": {
    "id": "battery3",
    "checked_in": null,
    "last_seen": 1746049184.5662172,
    "cycles": 3,
    "total_charge_time": 794.3334646224976,
    "average_charge_time": 0,
    "last_check_out": 1746049214.6738453
  }
}